{
  "walls": [
    [
      5112.117034671762,
      12714.78218490456,
      5208.873822683065,
      12714.78218490456
    ],
    [
      5112.117034671762,
      12714.78218490456,
      5112.117034671762,
      13140.3447850229
    ],
    [
      2893.204431325823,
      13140.3447850229,
      5112.117034671762,
      13140.3447850229
    ],
    [
      2893.204431325823,
      11628.78415593253,
      2893.204431325823,
      13140.3447850229
    ],
    [
      2893.204431325823,
      11628.78415593253,
      5112.164914560526,
      11628.78415593253
    ],
    [
      5112.164914560526,
      11628.78415593253,
      5112.164914560526,
      11706.21520964204
    ],
    [
      5112.164914560526,
      11706.21520964204,
      5192.344273885083,
      11706.21520964204
    ]
  ],
  "doors": [
    [
      5120.56828863752,
      11723.71969377502,
      5140.629458030719,
      12699.42392938539
    ],
    [
      5178.323530458555,
      11723.71969377502,
      6117.552967608428,
      11743.78086316822
    ],
    [
      5186.734464517982,
      11792.63407447076,
      6115.348879929043,
      12690.38581918304
    ]
  ],
  "toilets": [
    [
      3165.219756170468,
      12788.72707871324,
      3261.994184140789,
      12796.06731766015
    ],
    [
      3164.945177608377,
      12480.03535587647,
      3266.445199400036,
      12485.18662710886
    ],
    [
      3300.779010834547,
      12589.98401083997,
      3413.591891143783,
      12684.35033240489
    ],
    [
      3082.062973363166,
      12456.26112630958,
      3164.796598753562,
      12819.56948865909
    ],
    [
      2909.832259895482,
      12404.45055067769,
      3111.406692390828,
      12456.2182864091
    ],
    [
      2909.50224146219,
      12820.17408565447,
      3110.64343656405,
      12869.77795281307
    ],
    [
      3293.219532396985,
      12522.33164321228,
      3574.534946035342,
      12752.77603583594
    ],
    [
      3189.951180313571,
      12695.21473276434,
      3220.13365419261,
      12735.08517293596
    ],
    [
      3189.951180313571,
      12540.01988531835,
      3220.13365419261,
      12579.89042628973
    ],
    [
      3212.397876964633,
      12447.16757623602,
      3648.850178183641,
      12827.93758281805
    ],
    [
      3293.219532396985,
      12522.33164321228,
      3574.534946035342,
      12752.77603583594
    ],
    [
      3189.951180313571,
      12695.21473276434,
      3220.13365419261,
      12735.08517293596
    ],
    [
      3189.951180313571,
      12540.01988531835,
      3220.13365419261,
      12579.89042628973
    ],
    [
      3212.397876964633,
      12447.16757623602,
      3648.850178183641,
      12827.93758281805
    ],
    [
      2904.036071761383,
      12453.69678026715,
      2960.751059999172,
      12819.68288839564
    ],
    [
      3090.282387867536,
      12370.06644016003,
      3122.653930260858,
      12459.29398966352
    ],
    [
      3097.370828999428,
      12381.16761916939,
      3120.419602651725,
      12434.48696569605
    ]
  ],
  "basins": [
    [
      3795.933769273985,
      12833.07887487362,
      4168.685860083507,
      13140.17352622077
    ],
    [
      3828.537050328922,
      12863.94900475508,
      4136.082679828337,
      13046.15486304816
    ],
    [
      3842.694881436958,
      12974.85747508871,
      3905.294156804171,
      13111.0766658196
    ],
    [
      3843.216318625541,
      12959.39337981542,
      3904.256322415302,
      13112.41175871787
    ],
    [
      3863.13142915807,
      13053.69922152085,
      3883.293398317091,
      13091.8745120307
    ]
  ],
  "grab_rails": [
    {
      "bbox": [
        2892.869372904243,
        12796.35953618125,
        2911.991088480017,
        12880.94717166435
      ],
      "orientation": "horizontal"
    },
    {
      "bbox": [
        2892.869372904243,
        12393.03709399382,
        2911.991088480017,
        12477.62462867715
      ],
      "orientation": "horizontal"
    },
    {
      "bbox": [
        2911.92808862638,
        12418.46121412763,
        3082.778349301179,
        12856.05446789594
      ],
      "orientation": "horizontal"
    },
    {
      "bbox": [
        2972.416516097585,
        12289.3102037757,
        3677.581740233489,
        12339.78820650347
      ],
      "orientation": "horizontal"
    },
    {
      "bbox": [
        2893.907308092875,
        12264.28666191125,
        2972.633134794329,
        12365.0082071115
      ],
      "orientation": "horizontal"
    },
    {
      "bbox": [
        2912.404266720106,
        12264.28666191125,
        2972.633134794329,
        12365.0082071115
      ],
      "orientation": "horizontal"
    },
    {
      "bbox": [
        2912.404266720106,
        12279.6323174597,
        2972.633134794329,
        12349.66174516492
      ],
      "orientation": "horizontal"
    },
    {
      "bbox": [
        3102.59991765103,
        13121.50067200219,
        3186.766512512301,
        13140.3680697688
      ],
      "orientation": "horizontal"
    },
    {
      "bbox": [
        5101.850880922442,
        12303.17400196685,
        5120.185955125769,
        12387.34059682812
      ],
      "orientation": "horizontal"
    },
    {
      "bbox": [
        5101.850880922442,
        11849.17881190408,
        5120.185955125769,
        11933.34550756512
      ],
      "orientation": "horizontal"
    },
    {
      "bbox": [
        5022.219368325114,
        11873.65984942889,
        5101.832031366237,
        12362.85966010308
      ],
      "orientation": "horizontal"
    },
    {
      "bbox": [
        4309.975984633431,
        13121.53504472233,
        4394.860374627099,
        13140.10790557322
      ],
      "orientation": "vertical"
    },
    {
      "bbox": [
        4335.271585065826,
        13036.23808128717,
        4369.970594051895,
        13121.3729586989
      ],
      "orientation": "vertical"
    },
    {
      "bbox": [
        3705.948104731774,
        13121.51992475746,
        3790.832494725439,
        13140.09278560835
      ],
      "orientation": "horizontal"
    },
    {
      "bbox": [
        3731.243705164166,
        13036.2229613223,
        3765.942714150234,
        13121.35783873402
      ],
      "orientation": "vertical"
    },
    {
      "bbox": [
        3705.743070203789,
        13121.50067200219,
        3789.909665065059,
        13140.3680697688
      ],
      "orientation": "vertical"
    },
    {
      "bbox": [
        3126.480188571564,
        13039.78744264117,
        3446.681833468089,
        13121.57153423756
      ],
      "orientation": "horizontal"
    },
    {
      "bbox": [
        3445.8277492479,
        13039.78744264117,
        3766.029394144477,
        13121.57153423845
      ],
      "orientation": "horizontal"
    }
  ],
  "turning_circles": [
    {
      "centre": [
        4365.86770808197,
        12384.26928946805
      ],
      "radius": 750.0
    }
  ],
  "section_heights_mm": {
    "basin": 14815.66
  }
}